{
 "em": 0.6831683168316832,
 "f1": 0.7702455579670557,
 "prec": 0.7721114145021777,
 "recall": 0.7852578715470862,
 "sp_em": 0.0,
 "sp_f1": 0.0,
 "sp_prec": 0.0,
 "sp_recall": 0.0,
 "joint_em": 0.0,
 "joint_f1": 0.0,
 "joint_prec": 0.0,
 "joint_recall": 0.0
}{
 "em": 0.7138613861386138,
 "f1": 0.8116616148076895,
 "prec": 0.8144540384298233,
 "recall": 0.8299887291075821,
 "sp_em": 0.0,
 "sp_f1": 0.0,
 "sp_prec": 0.0,
 "sp_recall": 0.0,
 "joint_em": 0.0,
 "joint_f1": 0.0,
 "joint_prec": 0.0,
 "joint_recall": 0.0
}{
 "em": 0.7257425742574257,
 "f1": 0.8186506862954275,
 "prec": 0.822267953806893,
 "recall": 0.8346650803099135,
 "sp_em": 0.0,
 "sp_f1": 0.0,
 "sp_prec": 0.0,
 "sp_recall": 0.0,
 "joint_em": 0.0,
 "joint_f1": 0.0,
 "joint_prec": 0.0,
 "joint_recall": 0.0
}{
 "em": 0.7198019801980198,
 "f1": 0.8167656862690138,
 "prec": 0.8189781237574668,
 "recall": 0.8326138119076392,
 "sp_em": 0.0,
 "sp_f1": 0.0,
 "sp_prec": 0.0,
 "sp_recall": 0.0,
 "joint_em": 0.0,
 "joint_f1": 0.0,
 "joint_prec": 0.0,
 "joint_recall": 0.0
}{
 "em": 0.7188118811881188,
 "f1": 0.8194681234932981,
 "prec": 0.8210153729497544,
 "recall": 0.8395992623323808,
 "sp_em": 0.0,
 "sp_f1": 0.0,
 "sp_prec": 0.0,
 "sp_recall": 0.0,
 "joint_em": 0.0,
 "joint_f1": 0.0,
 "joint_prec": 0.0,
 "joint_recall": 0.0
}

lr = 2e-5 epoch =10{
 "em": 0.6693069306930693,
 "f1": 0.7489578153156758,
 "prec": 0.7514273426510669,
 "recall": 0.7662231253831293,
 "sp_em": 0.0,
 "sp_f1": 0.0,
 "sp_prec": 0.0,
 "sp_recall": 0.0,
 "joint_em": 0.0,
 "joint_f1": 0.0,
 "joint_prec": 0.0,
 "joint_recall": 0.0
}{
 "em": 0.6673267326732674,
 "f1": 0.7750901641092983,
 "prec": 0.7744845122041972,
 "recall": 0.8011471397605227,
 "sp_em": 0.0,
 "sp_f1": 0.0,
 "sp_prec": 0.0,
 "sp_recall": 0.0,
 "joint_em": 0.0,
 "joint_f1": 0.0,
 "joint_prec": 0.0,
 "joint_recall": 0.0
}{
 "em": 0.6881188118811881,
 "f1": 0.7871082997372566,
 "prec": 0.7897823570924135,
 "recall": 0.8077619141528347,
 "sp_em": 0.0,
 "sp_f1": 0.0,
 "sp_prec": 0.0,
 "sp_recall": 0.0,
 "joint_em": 0.0,
 "joint_f1": 0.0,
 "joint_prec": 0.0,
 "joint_recall": 0.0
}{
 "em": 0.6732673267326733,
 "f1": 0.7777885643546694,
 "prec": 0.774180084565958,
 "recall": 0.8095651137154164,
 "sp_em": 0.0,
 "sp_f1": 0.0,
 "sp_prec": 0.0,
 "sp_recall": 0.0,
 "joint_em": 0.0,
 "joint_f1": 0.0,
 "joint_prec": 0.0,
 "joint_recall": 0.0
}{
 "em": 0.6752475247524753,
 "f1": 0.7716368740967439,
 "prec": 0.7753312329320622,
 "recall": 0.7917215123838642,
 "sp_em": 0.0,
 "sp_f1": 0.0,
 "sp_prec": 0.0,
 "sp_recall": 0.0,
 "joint_em": 0.0,
 "joint_f1": 0.0,
 "joint_prec": 0.0,
 "joint_recall": 0.0
}{
 "em": 0.694059405940594,
 "f1": 0.7933112490053736,
 "prec": 0.7956848597160643,
 "recall": 0.8159369670764097,
 "sp_em": 0.0,
 "sp_f1": 0.0,
 "sp_prec": 0.0,
 "sp_recall": 0.0,
 "joint_em": 0.0,
 "joint_f1": 0.0,
 "joint_prec": 0.0,
 "joint_recall": 0.0
}{
 "em": 0.6465346534653466,
 "f1": 0.735155316359562,
 "prec": 0.7367721193148714,
 "recall": 0.749615313006474,
 "sp_em": 0.0,
 "sp_f1": 0.0,
 "sp_prec": 0.0,
 "sp_recall": 0.0,
 "joint_em": 0.0,
 "joint_f1": 0.0,
 "joint_prec": 0.0,
 "joint_recall": 0.0
}{
 "em": 0.69009900990099,
 "f1": 0.7972329246421027,
 "prec": 0.801360477468274,
 "recall": 0.8146615833252597,
 "sp_em": 0.0,
 "sp_f1": 0.0,
 "sp_prec": 0.0,
 "sp_recall": 0.0,
 "joint_em": 0.0,
 "joint_f1": 0.0,
 "joint_prec": 0.0,
 "joint_recall": 0.0
}{
 "em": 0.7039603960396039,
 "f1": 0.8036473866483186,
 "prec": 0.8068213492875504,
 "recall": 0.8244599911320315,
 "sp_em": 0.0,
 "sp_f1": 0.0,
 "sp_prec": 0.0,
 "sp_recall": 0.0,
 "joint_em": 0.0,
 "joint_f1": 0.0,
 "joint_prec": 0.0,
 "joint_recall": 0.0
}{
 "em": 0.7178217821782178,
 "f1": 0.814147186681595,
 "prec": 0.8177444081049311,
 "recall": 0.8295414468294791,
 "sp_em": 0.0,
 "sp_f1": 0.0,
 "sp_prec": 0.0,
 "sp_recall": 0.0,
 "joint_em": 0.0,
 "joint_f1": 0.0,
 "joint_prec": 0.0,
 "joint_recall": 0.0
}{
 "em": 0.7188118811881188,
 "f1": 0.8156836754187692,
 "prec": 0.8215905916176179,
 "recall": 0.8319564062206313,
 "sp_em": 0.0,
 "sp_f1": 0.0,
 "sp_prec": 0.0,
 "sp_recall": 0.0,
 "joint_em": 0.0,
 "joint_f1": 0.0,
 "joint_prec": 0.0,
 "joint_recall": 0.0
}
#测试 cail2020 8041850723293785
{
 "em": 0.7257425742574257,
 "f1": 0.8237314310109548,
 "prec": 0.8286649419595523,
 "recall": 0.8374817791914753,
 "sp_em": 0.0,
 "sp_f1": 0.0,
 "sp_prec": 0.0,
 "sp_recall": 0.0,
 "joint_em": 0.0,
 "joint_f1": 0.0,
 "joint_prec": 0.0,
 "joint_recall": 0.0
}{
 "em": 0.7198019801980198,
 "f1": 0.827100012170367,
 "prec": 0.8305178034383757,
 "recall": 0.8441866781423483,
 "sp_em": 0.0,
 "sp_f1": 0.0,
 "sp_prec": 0.0,
 "sp_recall": 0.0,
 "joint_em": 0.0,
 "joint_f1": 0.0,
 "joint_prec": 0.0,
 "joint_recall": 0.0
}